{"type": "metrics", "dataset": "train", "precision": 1.0, "balanced_accuracy": 0.8892063492063492, "recall": 0.7784126984126984, "f1_score": 0.8754016422706177}
{"type": "metrics", "dataset": "test", "precision": 0.6617900172117039, "balanced_accuracy": 0.673949669530866, "recall": 0.40346274921301156, "f1_score": 0.5013037809647979}
{"type": "cm_matrix", "dataset": "train", "true_0": {"predicted_0": 16228, "predicted_1": 0}, "true_1": {"predicted_0": 1047, "predicted_1": 3678}}
{"type": "cm_matrix", "dataset": "test", "true_0": {"predicted_0": 6680, "predicted_1": 393}, "true_1": {"predicted_0": 1137, "predicted_1": 769}}
